,agent1,agent2
0,0.45470545,0.2547636
1,0.93330103,0.48845744
2,0.5270554,0.412508
3,0.21839388,0.323079
4,0.022247273,0.5631995
