,agent1,agent2
0,0.5101251,0.44710803
1,0.45162785,1.065206
2,0.29695764,0.7780788
3,0.9640277,1.0832326
4,0.4615114,0.7772691
