,agent1,agent2
0,0.7375638,1.0911983
1,0.36216724,0.7369697
2,0.513629,0.7790402
3,0.15424295,0.4473557
4,0.58179766,0.7057152
