,agent1,agent2
0,0.9506578,0.39931107
1,0.04775725,1.0110905
2,0.11302627,0.68867904
3,0.09986281,0.93885607
4,0.28706142,1.1100289
